index,y_true,y_pred,correct,y_true_name,y_pred_name,SiO2,TiO2,Al2O3,Fe2O3t,MgO,CaO,Na2O,K2O,MnO,P2O5,L.O.I,Total,Ga,Rb,Sr,Y,Zr,Nb,Ba,La,Ce,Pr,Nd,Sm,Eu,Gd,Tb,Dy,Ho,Er,Tm,Yb,Lu,Hf,Ta,Pb,Th,U,Al,10000*Ga/Al,Zr+Nb+Ce+Y,REE,Sr/Y,A/CNK,A/NK,P,Type_Encoded
7,0,1,0,A-type,I-type,0.659437909984556,-0.3370873640729794,0.0002036051257387,-0.7688220548042847,-0.0082882747432117,-0.3108960290206554,1.1514438136211866,-0.6576311491341994,0.7324706604424877,-0.5085112197521235,-0.2718363451868799,2.633597622219828,-1.1520666587985828,-0.926938498429542,0.1424743613770605,-0.6846019181868049,-0.3704438351108509,-0.6952674744175966,0.5471397850704409,-0.2065528863474083,-0.8101499291170042,-0.4674497274656047,-0.595971716787931,-1.0801815901581542,-0.0939055953565618,-1.0096376427212364,-0.9947465732433884,-0.9952289662407628,-0.9798702364300218,-0.8961107330237748,-0.8531906278853916,-0.8119411145820963,-0.7916857023224416,-0.5331099387589301,-0.7049109329739389,-0.5563676783929278,-0.8325211980839616,-0.8040062631281784,0.0002036051257386,-0.4834733040547118,-0.9451174806642472,-0.9962698019201754,0.1893291123755199,-0.3216461288279164,-0.5203902795304745,-0.5078059636752432,0
24,1,0,0,I-type,A-type,-0.2303089379823575,0.2571131138213963,-0.1711966361815507,0.1058690831671839,-0.0481035822452387,0.3057570757448079,-0.5608521613885096,1.826000411454032,-0.6170980407417584,-0.1594289795794624,1.2930223956388998,-3.300313570032634,-1.3681884467176202,-0.9000370940042599,0.3046149667977872,-0.3660659621127384,0.2234687036323537,-0.3296533489914118,1.1800511719261584,-0.5200945747180012,-0.5563908416248327,-0.5825496741073791,-0.6146861699643575,-0.7554423065679574,0.4036513624227191,-0.6588552990298213,-0.5724660294698666,-0.4855863762257716,-0.4613707543632535,-0.4248239129726779,-0.3909376994152846,-0.3706430638854668,-0.3523177020273294,-0.1909540468500835,-0.5667605946812553,-0.7406891719226761,-0.1127431129810395,-0.6340878429127097,-0.1711966361815511,-0.58102696577177,-0.1284958072212735,-0.5732760626224161,-0.0787601281270707,-0.8041304799368223,-0.5362119080232448,-0.1588428720809988,1
30,1,0,0,I-type,A-type,0.7631984753451306,-0.3866040705641775,-1.452617487859864,-0.3193909433249894,-0.665240848526657,-0.5164470639424764,-0.5608521613885096,0.5963592956726038,-0.4243025120011519,0.3060140073174192,-0.3846189571382874,-0.8580607320637728,-0.1404327579009595,-0.4716839620016896,-0.4022566946894184,-0.0855762320500598,-0.3247113500946904,0.0217864545824467,0.1586046584257617,0.7651547522987027,0.9277297381495856,0.9786778072643808,0.9621153151098988,1.0247831185811775,0.6953226825002288,0.7183773926445265,0.4276721005200533,0.2969616007004731,0.2020035829868765,0.1503876930384042,-0.0687614159361191,-0.0331798486468679,-0.125976610966211,0.0973439731842222,-0.3435946635930737,-0.3817911820863175,0.0694266084753472,-0.2919073001339729,-1.4526174878598646,0.5545354387716579,0.075723798845676,0.932478028764043,-0.4561264982449174,-0.424383615185744,-0.6622721236129661,0.3064412500446604,1
42,0,1,0,A-type,I-type,0.6905660795927291,-0.7827377224937612,-0.5956162813234119,-0.6328597017517248,-0.6055178872736166,-1.0032784624415263,0.3491792658893708,0.3772153344442298,-0.809893569482365,-0.7412327132005644,-0.6665754870168062,-0.4001383249446214,-0.5772746696522055,-0.4923773500211374,-0.5565545368616136,-0.3567567791525052,-0.2408684608983961,-0.4451323829059536,-0.8003987097210258,-0.8131157291047633,-0.8020841814532599,-0.707979103140082,-0.7047766771159918,-0.6082583147249188,-0.7458767814121713,-0.5340803714080428,-0.4613395705820977,-0.4329781088693853,-0.438495777213249,-0.4369081904098856,-0.5310143444062261,-0.4804683706199222,-0.538716247607074,-0.339855222032637,-0.7176632718932637,-0.2422197415944001,-0.2332006160938944,-0.9329098922571544,-0.5956162813234126,0.008527545437468,-0.5291811444454152,-0.7755581080293764,-0.475092519825355,-0.000543641958424,-0.7014623925043612,-0.7404480247380727,0
47,1,0,0,I-type,A-type,0.5478953022219417,0.1085629943478022,-0.3344349612361137,1.1792163258765591,-0.2272724660043602,-0.2135297493208454,0.2653605817979873,0.1215473796777942,-0.2315069832605452,-0.0430682328552419,-0.6806733135107322,2.13751501450742,-0.4393245922570756,-0.161283141709972,-0.0527422455700814,-0.3628279854309181,0.0182822875265135,0.1176715729952431,-0.1189204320347233,0.9884664456521564,0.6953171193929654,0.3293960569774483,0.0655624420066782,-0.4727555920757719,0.0948229058700619,-0.6753350064515657,-0.6502545506913047,-0.5809388608092216,-0.5299956858132668,-0.5480835428321956,-0.4049453639143787,-0.3386938837445343,-0.2857467928917063,-0.0515572019983314,0.4066679428271934,0.764335892637617,-1.0758097511690383,0.0917389843592762,-0.3344349612361129,0.0283162406910002,0.1763701221776404,0.5155534909750172,-0.244147889089816,-0.3448288404677669,-0.4536848643561627,-0.0425218415495838,1
64,2,1,0,S-type,I-type,0.0187164188830165,-0.2875706575817814,0.5062424127948822,-0.3586689564290624,-0.1675495047513197,-0.4082623087204653,-0.3692665977510608,1.0102978891039756,0.3468796029612744,-0.0430682328552419,-0.5537928750653988,1.641432406794986,-0.2553911557302348,0.6747297342757207,-0.2786479260984333,-0.3162820706297521,-0.5152633709953593,-0.2825445734233857,-0.217596019754007,-0.2095706119332658,-0.2061118233559262,-0.1501870540299447,-0.2173304548462797,-0.2414664620367112,-0.1453770047820045,-0.0491061244252811,-0.1390728398075679,-0.2373411146378241,-0.3241208914632265,-0.3354002599373415,-0.3489147059180021,-0.3127351748800268,-0.3123751565459555,-0.6186489117361418,-0.1353064612441044,0.4726270941818413,0.0812943427721803,-0.0727711306147132,0.5062424127948821,-0.0638446382029725,-0.4993980487655481,-0.1978737449114388,-0.3620406793281451,0.3675366887097314,-0.0493291918469021,-0.0425218415495838,2
65,1,0,0,I-type,A-type,0.0602206450272449,-0.1885372445993855,-0.138548971170639,1.930785999694876,-0.665240848526657,-0.4082623087204653,1.2232883999852304,0.5476606376218541,0.1540840742206679,-0.6248719664763439,-0.5396950485714728,1.50787170471855,0.7792344247332433,-0.7903621375011863,-0.632424746548494,-0.101766115459161,0.9634203111938312,1.2140970574546115,-0.599963922166231,3.0224134905201026,2.7704297868627896,2.2772413078382447,1.9413599580624448,0.9640405187729396,-0.0424341859311189,0.2993219753487418,-0.1057349021412372,-0.1682927637325673,-0.2249959904798738,-0.3426508263996662,-0.2928840479216254,-0.2747955234626696,-0.2458042474103326,0.7087892244657722,0.1494957746208129,-0.0883513643869581,-1.6899650010301468,-0.3022195904642911,-0.1385489711706392,0.7228680325527569,1.6562818764772376,2.466505717422898,-0.5313221938536631,-0.8326927893875382,-0.9856831815055744,-0.624126994206658,1
67,2,1,0,S-type,I-type,-0.4170779556313891,0.5542133527685841,0.7674237328821819,0.1640307564174457,0.708387260293274,1.00895798468788,-0.2255774250229748,-0.2193432266774523,-0.2315069832605452,0.4223747540416395,-0.9062385374135472,-0.2856577231648268,-0.899158183574177,-0.4634066067939105,0.7562558330012622,-0.7351953038402462,-0.2027580567182623,-0.5535242558943323,1.3057083656624335,-0.0224716256101015,-0.0616839817000264,-0.054270431828466,-0.1607518754756882,-0.5381706995615669,0.5409084542239,-0.7836302266515999,-0.8947327602443962,-0.9015204900122,-0.9036203125966736,-0.9081950104609824,-0.8671982923844858,-0.8339061759289874,-0.8183140659766908,-0.5901359207437377,-0.1841904271015155,-0.1518684301401457,-0.39341502910114,-0.1313636893097024,0.7674237328821818,-0.4840186599555053,-0.3838601775936503,-0.1856613272414249,0.8691836120028809,-0.2231380538244294,0.5162262265742786,0.4227622805760752,2
76,1,0,0,I-type,A-type,-0.6375691570226094,1.4950307761013455,0.473594747783969,3.354613974717517,0.5292183765341527,0.8358623763326624,0.6844540022549062,-0.3167405427789517,0.1540840742206679,0.887817740938521,-0.8216515784499917,1.4506314038286523,0.0664923581917358,-0.6248150333456036,0.5005135531578448,-0.0774812903455093,0.6966474819328948,0.4970431284545684,0.4176280761888811,1.133317273773316,1.0107342448483787,0.7720881594458112,0.6574614261913287,0.3659595360456708,0.9526797296274429,0.0003329978399518,-0.1501854856963448,-0.1321245799250518,-0.1029961123465166,-0.2411428959271223,-0.1247920739324956,-0.1450019791401314,-0.0860340654848372,0.5662242695037525,1.0931688546508374,0.3540202200844381,-1.2656934999183669,-0.4962781448620951,0.4735947477839702,0.1293620421777314,0.8500842865222176,0.91293816049202,-0.1606849933565743,-0.7431868194670004,-0.1814983422749222,0.8880464027017345,1
86,1,0,0,I-type,A-type,-0.1628645704979873,-0.2380539510905835,0.1471180976748459,0.1761162989110063,-0.3666260422614546,-0.4298992597648676,0.0378527249785172,0.8885512439771007,-0.2315069832605452,-0.2757897263036827,-0.1026624272597686,-0.1330169207917763,-0.3243661944278002,-0.0867869448399598,-0.39714184909255,-0.5591303217662704,0.00303812585446,-0.4659769738652572,-0.5937966979337757,0.1646273607130625,0.2371322424156282,0.5079485383063548,0.5181910769714109,0.5108072740499314,-0.1968484142074474,0.1769012916443554,-0.2724245904728904,-0.5316186101626095,-0.5757456401132759,-0.6689263172042716,-0.699106318395356,-0.7061094553652576,-0.6718580658783201,0.1068483035150233,-0.5348797473829435,0.3546613383228025,2.045404368898044,1.192828137197053,0.1471180976748467,-0.0204967055117693,-0.0973262570873441,0.235111972479968,-0.3305570995170522,-0.0647375995682431,-0.3971622918884931,-0.2751639026124136,1
91,1,0,0,I-type,A-type,0.8669590407057054,-0.931287841967355,-0.701721192608878,1.1006602996684134,-0.6453331947756435,-0.6354502946866888,-3.638195277315027,-0.7793777942610741,4.202790177773406,-0.7412327132005644,1.4040973755985635,1.1048784770064086,2.3146305037871304,3.8283394094723486,-0.8128006140096755,-0.0694001541290608,-1.0897523423701858,0.0203325913079533,-0.9106022729092028,-1.0335563994303214,-1.0381439204618217,-1.0138124022602943,-1.0419375295450244,-0.5851571939405479,-1.0469248194006902,-0.5927323047478612,-0.2610016039183016,-0.1778628996907346,-0.3301934787004377,-0.4025412081818218,-0.2449467932362911,-0.1473643094773956,-0.1411497629854886,-1.0661607180470904,1.4844727868864354,0.2104097346908255,-1.4983330426105856,0.3542922397275023,-0.7017211926088786,1.8987255055314587,-1.043848039539843,-0.9789683751898676,-0.5921056060365031,6.23956996411669,4.869474076081076,-0.7404480247380727,1
96,1,2,0,I-type,S-type,-0.5779068319402788,1.2969639501365535,0.8898524766731024,0.9443035936579696,-0.0281959284942252,-0.7003611478198953,1.3430293772586357,-1.071569742565571,7.287518637623111,0.6550962474900802,0.4189571530154914,1.5841921059050883,-0.2540116549562835,-0.7655300718778489,0.4408403545277141,-0.5227030840957927,-0.5762400176835734,-0.2408553915047785,0.7753270816712842,-0.019453900024244,-0.1314077673270126,-0.138381931297455,-0.19992166119379,-0.4213580076226473,0.7811083648759669,-0.6094161767645884,-0.5302379750925144,-0.5727188190347862,-0.6298830860349531,-0.6133386409931166,-0.5366174102058637,-0.5343826121077457,-0.5640131930786108,-0.922787482321783,0.0283485548872286,0.0110219625595149,-0.4052827633979732,-0.3915146499154545,0.8898524766731015,-2.643783843069221,-0.5646127582714637,-0.1734933183629381,0.1418875339116607,0.5942986463981732,-0.1043513338748197,0.6554043416389048,1
99,0,1,0,A-type,I-type,0.9318093940560636,-0.5846708965289693,-0.3752445424997534,-0.9183806431621004,-0.665240848526657,-0.6462687702088897,1.043676934075122,-0.2315178911901406,0.3468796029612744,-0.7412327132005644,-0.8216515784499917,1.698672707684883,-1.2210416974961478,-0.918661143221763,-0.3604854556483269,-0.7695988060845862,-0.7424013799089566,-0.3992742827954856,-0.2854354863110144,-0.6682649009836038,-0.7254212190662547,-0.885055944127427,-0.9876695739689496,-1.2974531971645449,-0.6086196896109903,-1.3062723763126345,-1.0614224485760495,-1.0018049996603111,-0.9417452745133476,-0.9154455769233067,-0.7971599698890149,-0.7979633482704385,-0.7916857023224416,-1.0305032260708642,-0.5731367641409175,-0.4922558545564936,-0.5476955749599693,-0.8907232499967622,-0.375244542499755,-0.4489933686546241,-1.1808147378549183,-1.215649232065155,-0.1222993250258092,-0.3821840606618426,-0.7619824975850302,-0.7404480247380727,0
100,2,0,0,S-type,A-type,0.161387196253804,-0.0895038316169896,-0.4405398725215783,-0.1275329562397107,-0.0879188897472657,0.0785690897785846,-0.4291370863877638,0.0484993926016702,0.1540840742206679,0.1896532605931986,-0.0180754682962128,0.935468695819604,-0.6002663492180609,0.2732780066984325,-0.28887761729217,-0.2090240930444566,-0.3628217542748242,-0.3409094281094357,-0.3594421771004771,0.2068755189150675,0.2304918818797247,0.2408576364837758,0.2831723626627996,0.1019628522637126,-0.214005550682595,-0.0279179291687527,-0.1057349021412372,-0.0959563961175363,-0.2478709676298783,-0.2097237745903825,-0.3208993769198138,-0.2747955234626696,-0.2458042474103326,-0.1814497165192821,0.106987978223064,0.2354133459870347,0.9476389464409904,1.5092279541499949,-0.4405398725215788,-0.0454632334104221,-0.2416202206398029,0.2280065658355959,-0.3940548276168309,-0.1461905947736644,-0.042483550885678,0.1901202195132454,2
112,0,1,0,A-type,I-type,0.6672199523865993,-0.5846708965289693,-0.6364258625870531,-0.5913156494301093,-0.744871463530711,-0.5489024905090798,0.6245835136182032,-0.3776138653423896,0.3468796029612744,-0.5085112197521235,-0.3564233041504355,-0.1139368204951349,-2.439600714486467,-0.7613913942739594,-0.3877646321649581,-0.7271003621356955,-0.6372166643717874,-0.7911525928303932,-0.535208067725451,-0.8825234175794854,-0.96643310471687,-0.969167443596416,-0.9789651771427048,-1.1362516822888356,-0.6721010945690364,-1.0614310089038614,-0.9191805811997054,-0.9228925986257318,-0.8807453354466689,-0.8139376464507629,-0.7579385092915513,-0.7240808691945322,-0.723783375004106,-0.7453733161468256,-0.7410425599120255,-0.6557410053394008,-1.1232806883563704,-0.9622061716046492,-0.6364258625870525,-1.1725569734224173,-0.9836301043882132,-1.010776673819101,-0.2015744064056901,-0.2734062192959574,-0.6055928142216565,-0.5078059636752432,0
120,0,1,0,A-type,I-type,-0.0150057648591685,-0.4856374835465734,-0.0977393899069978,-0.6441898978394381,-0.705056156028684,-0.1161634696210353,0.1815418977066037,-0.1828192331393909,-0.4243025120011519,-0.5085112197521235,-0.0321732947901388,-3.18583296825284,-0.3473578739936548,-0.3516623114888921,0.6539589210638953,-0.8465007522778171,-0.4390425626350917,-0.703605310801318,1.3211264262435716,0.2943895609049346,-0.0035808270108713,-0.2047857466677094,-0.3783617961318096,-0.8255299217313093,0.0484986373871635,-0.9554900326212192,-1.0514210672761504,-0.993584957885876,-1.004270212056693,-0.9565321202098128,-0.9064197529819494,-0.8858235936580027,-0.899530575122151,-0.8214079587932359,-0.6645285263960776,0.1488623838078486,0.1109636785142629,-0.6200256288259123,-0.0977393899069993,0.0253302536494306,-0.571801781366604,-0.1534575519188604,1.3863586432083823,-0.0951106957946601,-0.1817503787440026,-0.5078059636752432,0
135,1,0,0,I-type,A-type,0.9162453092519772,-0.5351541900377714,-0.6609116113452369,-1.0067561726462644,-0.784686771032738,-0.7652720009531021,0.9119618590743758,-0.1341205750886412,-0.2315069832605452,-0.7412327132005644,-0.9203363639074732,0.1150243830644543,-1.336000095325423,-0.9021064328062048,-0.5650792795230608,-0.7959073666243758,-0.6677049877158944,-0.6535782924989895,-0.3625257892167047,-0.4932368170038695,-0.8811044718305108,-0.7094547434816431,-0.8309904310965424,-1.2180205666460793,-0.5399911437103998,-1.2897926688908898,-1.0947603862423805,-1.0412612001776007,-0.9951202211966914,-0.9565321202098128,-0.8671982923844858,-0.8339061759289874,-0.8183140659766908,-0.9703091339757892,-0.6900332042347269,-0.4826390809810284,-0.6901083865219654,-1.0243142838213375,-0.6609116113452363,-0.4611297060631366,-1.1684906982632497,-1.1395621692483402,-0.3092103454911756,-0.4105593953348141,-0.8456872936345788,-0.7404480247380727,1
138,2,1,0,S-type,I-type,0.7813565742832292,-0.6341876030201673,-0.5303209513015871,-0.9115825255094726,-0.6851485022776705,-0.4298992597648676,-0.1776810341136126,0.5233113085964788,-0.809893569482365,-0.6248719664763439,-0.7793580989682138,-0.2284174222749295,-1.9337837640376552,0.223117234139291,-0.0365452345133315,-0.3751727715303578,-0.8600863080172096,-0.6619161288827109,-0.7232775706941732,-1.126959190033942,-1.0957541261535897,-1.1698545300487404,-1.2105021327208183,-1.1923217744195171,-0.6429339625612855,-0.9601985204560034,-0.6502545506913047,-0.5661427856152379,-0.484245731513258,-0.3982385026108211,-0.2648687189234371,-0.3127351748800268,-0.3256893383730802,-0.6249851319566758,-0.0672939870077061,0.5155820161522523,0.1952245920217774,0.5166700098568776,-0.5303209513015865,-0.8673618508195171,-1.0685632772407994,-1.1217986526374106,-0.230619761293021,-0.1564749487837769,-0.435304371072403,-0.624126994206658,2
148,0,1,0,A-type,I-type,0.6257157262423708,-0.4856374835465734,-0.4650256212797621,-0.8639957019410764,-0.6851485022776705,-0.375806882153862,0.959858249983738,-0.1219459105759541,-0.0387114545199388,-0.7412327132005644,-0.4551080896079172,0.3821457872172994,-1.1750583383644375,-0.7324206510467324,-0.4031091689555631,-0.7554326581016227,-0.7568833334974074,-0.4659769738652572,-0.2299304682189174,-0.3815809703271424,-0.55107855319611,-0.631245805378899,-0.7613552564865834,-1.1292429207725003,-0.488519734284957,-1.2215195952865208,-0.9947465732433884,-0.9557727657234734,-0.9188702973633432,-0.8840264555865671,-0.8111676343881091,-0.7700078156471226,-0.7650573386681924,-1.0051583451887276,-0.6198953401784413,-0.1845191001416094,-0.624835847889384,-0.6610404199124047,-0.4650256212797627,-0.4010599564125073,-1.1951927840451992,-1.0807945351271817,-0.1839035107189325,-0.6337154911802393,-0.7924191516936757,-0.7404480247380727,0
160,0,2,0,A-type,S-type,-0.5545607047341489,0.8017968852245738,0.4246232502676014,-0.0618178189309734,0.0116193790078017,-0.7652720009531021,-1.0278419727547905,1.119869869718162,-0.4243025120011519,1.818703714732284,1.969718067347345,-1.1633423368098736,-0.5312913105204955,-0.2688887594111008,-0.1388421464506985,-0.4943707881298655,0.0792589342147276,-0.4409634647140928,0.8215812634146984,-0.1341274722868286,-0.0915656041115921,-0.0100012215816297,0.0133360610492089,0.0365477447779174,0.3350228165221286,-0.1715268081296677,-0.316875174027998,-0.4609262509024655,-0.5986206172632804,-0.6906780165912453,-0.7411293118926383,-0.7859824057175887,-0.8049998841495662,-0.3715363231353081,-0.5476320863022682,-0.3383874773490514,-0.4586875677337217,-0.925878785213756,0.4246232502676024,-0.2050653906655513,-0.1281363560665168,-0.122156755357352,-0.2153223450097353,1.186443849275637,0.3053002655094399,1.818614646953053,0
168,2,1,0,S-type,I-type,0.5375192456858827,-0.2875706575817814,0.3185183389821354,-0.7272780024826692,-0.2471801197553736,-0.3217145045428565,-0.5129557704791474,0.0850233861397328,-0.4243025120011519,0.1896532605931986,-0.5678907015593248,0.2676651854375048,-0.6002663492180609,0.3850223020034509,-0.3042221540827751,-0.3142583352036145,-0.3399555117667439,-0.4159499555629286,-0.1960107349404137,-0.3453682632968527,-0.2874562399207435,-0.2461036762314231,-0.2739090342168713,-0.3208990925551765,-0.1968484142074474,-0.4045969559514802,-0.4057763411382132,-0.3606417412543543,-0.346995868613231,-0.4199902019977948,-0.3769300349161904,-0.3586621213326172,-0.3922602475087033,-0.5774634803026693,0.1983797404782241,-0.1885581450433047,0.0160218041395987,-0.0844896423537112,0.3185183389821364,-0.2222326677178611,-0.4223728013176163,-0.3082295918568388,-0.373590460980901,0.7636809232260262,0.3671407735362162,0.1901202195132454,2
172,0,2,0,A-type,S-type,-0.0357578779312827,-0.5846708965289693,0.9143382254312876,-0.6396578194043528,-0.2869954272574006,-0.7111796233420965,-0.1537328386589315,0.4989619795711045,-0.4243025120011519,0.6550962474900802,0.0947071436551947,-0.781740330877234,-0.2553911557302348,0.2443072634712056,-0.39714184909255,-0.5085369361128291,-0.6677049877158944,-0.2867134916152463,-0.2607665893811935,-0.4721127379028672,-0.433544171710619,-0.4453151223421865,-0.4915189548729928,-0.4774280997533288,-0.214005550682595,-0.390471492447128,-0.4168889870269901,-0.4938064180002069,-0.6062456096466152,-0.6036712190433505,-0.6430756603989793,-0.608265091183652,-0.6585438840511955,-0.8784339407780436,-0.1225541223247798,0.5591780563610276,-0.3162747561717257,0.9233023672001028,0.9143382254312876,-0.1534258605941618,-0.7217442630652448,-0.4823860692964932,-0.3533297279445506,1.0181383164814743,0.2057476089520837,0.6554043416389048,0
176,1,0,0,I-type,A-type,-0.1317364008898141,-0.6837043095113653,0.2532230089603105,-0.6668502900148648,0.0116193790078017,-0.0620710920100297,0.9359100545290574,0.75462993433754,0.5396751317018809,-0.6248719664763439,0.2638810615823059,0.7446676928532976,0.6872677064698234,0.5960948598018189,-0.2624509150416836,1.0133121043426854,0.1859680659191022,0.3678066645068861,0.1154340887985751,0.4241517610968064,-0.3344367907122603,-0.1988831853014647,-0.03889031990826,0.6673362812480838,-0.0939055953565618,0.706606173057566,1.1722193750681047,1.322822814150004,1.2313775547370784,1.288726627623361,1.303989704975108,1.3765777250717763,1.5249819355972407,1.5293297430249502,0.7658588223881712,0.2033574340688176,1.1256549608934856,0.5483099915521722,0.2532230089603104,0.5498285671280361,0.3508066325647235,0.2063942872922986,-0.5061806702341135,-0.7739841085364684,-0.7666569387979193,-0.624126994206658,1
183,0,1,0,A-type,I-type,0.7476343905410441,-0.5846708965289693,-0.5956162813234119,-0.6064225775470605,-0.744871463530711,-0.5597209660312809,0.6724799045275653,-0.5237098394946376,0.3468796029612744,-0.5085112197521235,-0.7088689664985841,-0.0948567201984934,-2.4166090349206115,-0.7572527166700698,-0.3979943233586948,-0.6097237074197117,-0.5914841793556269,-0.6118891105803823,-0.5382916798416787,-0.8432929849633382,-0.9249308513674734,-0.9175200316417736,-0.9267387961852358,-0.949351375186564,-0.6669539536264922,-0.894279690769026,-0.7335993948571314,-0.7256115960392836,-0.7351079809249739,-0.6737600281791547,-0.6346710616995228,-0.5922905011131858,-0.5906415567328599,-0.6376575723977442,-0.6602777467563027,-0.6749745524903311,-1.0046033453880403,-0.8297869889539735,-0.5956162813234126,-1.1637647809743286,-0.8881187975527776,-0.9378796425269992,-0.3036270536127161,-0.2064922370664856,-0.5621456083534694,-0.5078059636752432,0
186,1,0,0,I-type,A-type,0.5868055142321544,-0.0399871251257916,-0.4731875375324915,-0.6192634664464688,-0.3268107347594277,-0.3974438331982642,0.1456196045245818,0.2311193602919807,-0.4243025120011519,-0.5085112197521235,-0.9626298433892512,-0.1330169207917763,-1.1980500179302926,-0.5503188364755914,-0.0365452345133315,-0.2859260392376874,-0.1646476525381285,-0.0907743365977927,0.3158688763533699,0.5478785101169635,0.4463035992965864,0.2113448296525517,0.0916756324854128,-0.2414664620367112,-0.0252770494559712,-0.5270176396558668,-0.428001632915767,-0.4510622007731432,-0.3164958990798918,-0.3813205141987306,-0.3208993769198138,-0.2708018759450529,-0.2324900655832079,0.0118050002070105,-0.1799396474617406,-0.2678644711289738,0.5797391832391668,-0.0610526188757154,-0.4731875375324907,-0.4137746115179629,-0.0300575409828168,0.3242256141447975,-0.2707617673281481,-0.243309907688499,-0.4869245038484334,-0.5078059636752432,1
215,1,2,0,I-type,S-type,-0.4689582383116764,0.306629820312594,0.5225662453003381,0.2758220244828834,0.1111576477628692,0.0893875653007857,-0.3812406954784016,0.2676433538300433,-0.2315069832605452,1.004178487662741,-0.1449559067415463,-0.6863398293940809,0.5493176290746926,0.3643289139840031,-0.0561521426346602,-0.6441272096640518,-0.4809640072332389,-0.3075580825745499,-0.0202448443154397,-0.1824110816605484,-0.0816050633077368,-0.1428088523221386,-0.2042738596069125,-0.2134314159713704,-0.0767484588814142,-0.5529143227471791,-0.6280292589137509,-0.7223235793295094,-0.7587454573133117,-0.7921859470637892,-0.7971599698890149,-0.7759982869235473,-0.7916857023224416,-0.7517095363673598,0.1112387578628389,0.4341599998799809,0.6272101204264987,-0.0844896423537112,0.5225662453003381,0.394849238995838,-0.5240461279488864,-0.2132687926409109,-0.028156582281974,0.2903926994782874,0.28395056735546,1.0043674332331491,1
234,1,0,0,I-type,A-type,1.0277879170145914,0.0095295813654063,-0.8812833501688969,-0.5852728781833288,-0.3069030810084141,-0.5164470639424764,0.0139045295238361,0.1093727151651071,-0.4243025120011519,-0.3921504730279032,-1.1881950672920665,1.4124712032353968,-1.3819834544571334,-0.5172094156444749,-0.3349112276639852,-0.2454513307149343,0.0106602066904868,-0.0699297456384891,-0.2823518741947868,0.3366377191069394,0.2138909805399661,-0.0100012215816297,0.0290039753364499,-0.3676241693307444,-0.1968484142074474,-0.5646855423341396,-0.4502269246933208,-0.4609262509024655,-0.3241208914632265,-0.3861542251736136,-0.2648687189234371,-0.278789170980286,-0.2591184292374572,-0.1941221569603506,-0.2798329689964505,-0.2550421063616869,0.5263343789034184,-0.3727650311330579,-0.8812833501688963,-0.4429731569172394,0.0289951487272642,-0.1422887408497387,-0.4035643527229333,-0.2451858717633683,-0.5490792092286071,-0.3914849331438284,1
